user_id,variant,converted
U00000,A,1
U00001,A,0
U00002,A,0
U00003,A,0
U00004,B,0
U00005,A,0
U00006,A,0
U00007,A,0
U00008,A,0
U00009,A,0
U00010,A,0
U00011,A,0
U00012,A,0
U00013,B,0
U00014,A,0
U00015,B,0
U00016,B,0
U00017,B,1
U00018,B,0
U00019,A,0
U00020,B,0
U00021,B,0
U00022,B,0
U00023,B,0
U00024,B,0
U00025,B,0
U00026,B,0
U00027,A,0
U00028,B,0
U00029,A,0
U00030,A,0
U00031,A,0
U00032,A,0
U00033,A,0
U00034,A,0
U00035,B,0
U00036,B,0
U00037,A,0
U00038,B,0
U00039,A,0
U00040,A,0
U00041,B,0
U00042,A,0
U00043,A,0
U00044,B,0
U00045,A,0
U00046,B,0
U00047,B,0
U00048,B,0
U00049,A,0
U00050,B,0
U00051,B,0
U00052,A,1
U00053,A,0
U00054,A,0
U00055,A,1
U00056,B,0
U00057,A,0
U00058,A,0
U00059,A,0
U00060,B,1
U00061,B,0
U00062,A,0
U00063,A,0
U00064,B,0
U00065,B,0
U00066,A,0
U00067,B,0
U00068,B,0
U00069,A,0
U00070,B,0
U00071,A,0
U00072,B,0
U00073,B,0
U00074,A,0
U00075,A,0
U00076,A,0
U00077,A,0
U00078,A,0
U00079,B,0
U00080,B,0
U00081,A,1
U00082,A,0
U00083,B,0
U00084,B,0
U00085,A,0
U00086,A,0
U00087,B,0
U00088,B,0
U00089,A,0
U00090,A,0
U00091,A,1
U00092,A,0
U00093,A,0
U00094,A,1
U00095,B,1
U00096,A,0
U00097,A,0
U00098,B,0
U00099,A,0
U00100,B,0
U00101,A,0
U00102,B,0
U00103,B,0
U00104,A,0
U00105,B,0
U00106,A,1
U00107,A,0
U00108,B,0
U00109,A,0
U00110,A,0
U00111,B,0
U00112,B,0
U00113,A,0
U00114,A,0
U00115,B,0
U00116,B,0
U00117,A,0
U00118,A,0
U00119,A,0
U00120,A,0
U00121,B,0
U00122,B,0
U00123,B,1
U00124,A,1
U00125,B,0
U00126,A,0
U00127,A,0
U00128,A,0
U00129,A,1
U00130,A,0
U00131,A,0
U00132,A,0
U00133,A,0
U00134,A,0
U00135,B,0
U00136,A,0
U00137,B,0
U00138,B,0
U00139,A,0
U00140,B,0
U00141,A,0
U00142,B,0
U00143,A,0
U00144,A,0
U00145,A,0
U00146,B,0
U00147,A,0
U00148,B,0
U00149,B,0
U00150,A,0
U00151,A,0
U00152,B,0
U00153,A,0
U00154,A,0
U00155,A,0
U00156,A,1
U00157,B,0
U00158,A,1
U00159,A,0
U00160,A,0
U00161,B,1
U00162,B,0
U00163,B,0
U00164,A,0
U00165,A,0
U00166,A,0
U00167,A,0
U00168,A,0
U00169,A,0
U00170,A,0
U00171,A,0
U00172,A,0
U00173,A,0
U00174,B,1
U00175,A,0
U00176,A,0
U00177,A,0
U00178,B,1
U00179,B,1
U00180,B,0
U00181,A,0
U00182,B,0
U00183,B,1
U00184,B,0
U00185,B,0
U00186,B,0
U00187,A,0
U00188,B,0
U00189,B,0
U00190,A,0
U00191,A,0
U00192,A,0
U00193,B,0
U00194,A,0
U00195,B,0
U00196,A,1
U00197,B,0
U00198,A,1
U00199,A,0
U00200,A,0
U00201,A,0
U00202,B,1
U00203,A,0
U00204,B,0
U00205,A,0
U00206,B,0
U00207,A,0
U00208,B,0
U00209,B,0
U00210,A,0
U00211,B,0
U00212,B,0
U00213,A,0
U00214,B,0
U00215,A,0
U00216,B,0
U00217,A,0
U00218,B,0
U00219,B,0
U00220,A,0
U00221,B,1
U00222,A,0
U00223,A,1
U00224,A,0
U00225,A,0
U00226,A,1
U00227,B,0
U00228,B,0
U00229,A,0
U00230,A,0
U00231,A,0
U00232,A,0
U00233,B,1
U00234,A,0
U00235,B,0
U00236,B,1
U00237,B,1
U00238,B,1
U00239,A,0
U00240,A,0
U00241,B,0
U00242,B,0
U00243,B,0
U00244,A,0
U00245,B,0
U00246,A,0
U00247,A,0
U00248,B,0
U00249,B,0
U00250,A,0
U00251,A,0
U00252,A,0
U00253,B,0
U00254,A,0
U00255,A,1
U00256,A,0
U00257,B,0
U00258,B,0
U00259,B,0
U00260,A,0
U00261,B,0
U00262,A,0
U00263,B,0
U00264,B,0
U00265,B,1
U00266,A,0
U00267,A,0
U00268,B,0
U00269,A,0
U00270,B,0
U00271,A,1
U00272,A,1
U00273,B,0
U00274,B,0
U00275,B,0
U00276,B,0
U00277,A,0
U00278,B,1
U00279,B,0
U00280,B,0
U00281,B,1
U00282,B,0
U00283,B,0
U00284,A,0
U00285,A,0
U00286,B,0
U00287,B,1
U00288,B,0
U00289,B,0
U00290,A,0
U00291,A,0
U00292,A,0
U00293,A,1
U00294,A,0
U00295,A,1
U00296,A,0
U00297,A,0
U00298,B,0
U00299,B,1
U00300,B,0
U00301,A,0
U00302,A,0
U00303,B,1
U00304,B,0
U00305,B,0
U00306,B,0
U00307,A,0
U00308,A,0
U00309,B,0
U00310,B,0
U00311,A,0
U00312,A,0
U00313,A,0
U00314,A,0
U00315,B,0
U00316,A,0
U00317,B,0
U00318,A,0
U00319,A,0
U00320,A,0
U00321,B,0
U00322,B,0
U00323,A,0
U00324,B,0
U00325,B,0
U00326,B,0
U00327,A,0
U00328,A,0
U00329,B,1
U00330,B,0
U00331,B,1
U00332,B,0
U00333,A,1
U00334,B,0
U00335,A,0
U00336,A,1
U00337,B,1
U00338,A,0
U00339,B,0
U00340,A,0
U00341,B,0
U00342,A,0
U00343,A,0
U00344,A,0
U00345,B,0
U00346,B,0
U00347,B,0
U00348,B,0
U00349,B,0
U00350,B,1
U00351,B,0
U00352,A,0
U00353,A,0
U00354,B,0
U00355,B,0
U00356,A,1
U00357,B,0
U00358,B,0
U00359,B,0
U00360,B,0
U00361,B,0
U00362,B,0
U00363,A,1
U00364,A,0
U00365,B,1
U00366,B,0
U00367,B,1
U00368,B,0
U00369,B,0
U00370,B,0
U00371,A,0
U00372,A,0
U00373,B,0
U00374,B,0
U00375,A,0
U00376,A,0
U00377,A,0
U00378,A,0
U00379,A,0
U00380,B,0
U00381,B,1
U00382,A,0
U00383,A,0
U00384,B,0
U00385,A,0
U00386,B,0
U00387,A,1
U00388,B,0
U00389,A,0
U00390,B,0
U00391,B,0
U00392,A,0
U00393,B,0
U00394,A,0
U00395,B,0
U00396,A,0
U00397,A,0
U00398,B,0
U00399,B,0
U00400,A,0
U00401,B,0
U00402,A,0
U00403,B,0
U00404,A,1
U00405,B,1
U00406,A,0
U00407,B,0
U00408,B,0
U00409,B,1
U00410,B,1
U00411,B,0
U00412,A,0
U00413,A,0
U00414,B,0
U00415,B,1
U00416,A,0
U00417,B,0
U00418,B,0
U00419,B,0
U00420,B,0
U00421,B,0
U00422,B,0
U00423,B,0
U00424,A,0
U00425,A,0
U00426,A,1
U00427,B,0
U00428,A,0
U00429,A,0
U00430,A,0
U00431,A,1
U00432,B,0
U00433,A,0
U00434,A,0
U00435,A,1
U00436,A,0
U00437,B,0
U00438,A,0
U00439,B,0
U00440,B,0
U00441,B,0
U00442,B,0
U00443,A,1
U00444,B,0
U00445,B,0
U00446,A,0
U00447,B,0
U00448,A,0
U00449,A,0
U00450,A,1
U00451,B,1
U00452,A,0
U00453,A,0
U00454,B,0
U00455,B,0
U00456,B,0
U00457,B,0
U00458,B,0
U00459,A,0
U00460,B,0
U00461,B,0
U00462,B,0
U00463,B,0
U00464,B,0
U00465,A,0
U00466,B,0
U00467,A,0
U00468,A,0
U00469,B,1
U00470,B,1
U00471,A,0
U00472,B,0
U00473,A,0
U00474,A,0
U00475,A,1
U00476,B,0
U00477,A,1
U00478,B,0
U00479,B,0
U00480,A,0
U00481,A,0
U00482,B,0
U00483,A,0
U00484,A,0
U00485,A,0
U00486,B,0
U00487,A,0
U00488,B,0
U00489,A,0
U00490,A,0
U00491,B,0
U00492,B,0
U00493,B,1
U00494,A,0
U00495,B,0
U00496,B,1
U00497,B,0
U00498,B,0
U00499,B,0
U00500,A,0
U00501,B,1
U00502,A,0
U00503,B,0
U00504,A,0
U00505,A,1
U00506,B,0
U00507,B,1
U00508,A,0
U00509,B,0
U00510,B,0
U00511,A,0
U00512,B,0
U00513,A,0
U00514,B,0
U00515,B,0
U00516,B,0
U00517,A,0
U00518,A,0
U00519,B,1
U00520,B,1
U00521,B,0
U00522,A,0
U00523,A,0
U00524,B,0
U00525,B,0
U00526,A,1
U00527,A,0
U00528,A,0
U00529,B,0
U00530,B,0
U00531,B,0
U00532,A,0
U00533,A,0
U00534,A,0
U00535,A,0
U00536,B,0
U00537,A,0
U00538,A,0
U00539,A,0
U00540,A,0
U00541,B,0
U00542,B,1
U00543,A,0
U00544,A,0
U00545,A,1
U00546,B,0
U00547,B,0
U00548,A,0
U00549,A,0
U00550,A,0
U00551,B,0
U00552,A,0
U00553,A,0
U00554,B,0
U00555,A,1
U00556,A,0
U00557,A,0
U00558,A,0
U00559,A,0
U00560,B,0
U00561,B,0
U00562,A,1
U00563,A,0
U00564,A,1
U00565,A,1
U00566,B,0
U00567,B,0
U00568,A,0
U00569,A,0
U00570,B,0
U00571,A,0
U00572,A,0
U00573,A,0
U00574,B,0
U00575,A,0
U00576,A,0
U00577,A,0
U00578,A,0
U00579,B,0
U00580,A,0
U00581,B,0
U00582,A,0
U00583,B,0
U00584,A,0
U00585,A,0
U00586,B,0
U00587,A,0
U00588,A,0
U00589,B,0
U00590,B,0
U00591,A,0
U00592,B,1
U00593,B,0
U00594,A,0
U00595,A,0
U00596,A,0
U00597,A,0
U00598,B,0
U00599,A,0
U00600,B,0
U00601,B,0
U00602,A,0
U00603,B,1
U00604,A,1
U00605,A,0
U00606,A,0
U00607,A,0
U00608,B,0
U00609,B,0
U00610,A,0
U00611,A,0
U00612,B,0
U00613,B,0
U00614,B,0
U00615,A,0
U00616,A,0
U00617,A,1
U00618,B,0
U00619,B,0
U00620,B,0
U00621,A,0
U00622,A,1
U00623,B,0
U00624,A,0
U00625,A,1
U00626,A,0
U00627,A,0
U00628,A,1
U00629,B,0
U00630,B,1
U00631,A,0
U00632,A,0
U00633,A,0
U00634,B,0
U00635,B,0
U00636,B,0
U00637,A,0
U00638,B,0
U00639,B,0
U00640,A,0
U00641,B,0
U00642,A,0
U00643,B,0
U00644,A,0
U00645,B,0
U00646,A,0
U00647,B,0
U00648,A,0
U00649,A,0
U00650,B,0
U00651,B,1
U00652,B,0
U00653,B,0
U00654,B,0
U00655,A,0
U00656,B,1
U00657,A,1
U00658,A,0
U00659,B,0
U00660,A,0
U00661,A,0
U00662,B,1
U00663,B,0
U00664,B,0
U00665,B,0
U00666,A,1
U00667,B,0
U00668,A,0
U00669,A,0
U00670,B,0
U00671,A,1
U00672,B,0
U00673,A,0
U00674,A,0
U00675,A,0
U00676,B,0
U00677,A,0
U00678,A,0
U00679,A,0
U00680,A,0
U00681,B,0
U00682,B,0
U00683,A,0
U00684,A,0
U00685,B,0
U00686,B,0
U00687,B,0
U00688,B,1
U00689,B,0
U00690,A,0
U00691,A,0
U00692,A,0
U00693,A,0
U00694,A,0
U00695,B,0
U00696,A,0
U00697,B,0
U00698,B,1
U00699,B,0
U00700,A,0
U00701,A,1
U00702,B,0
U00703,B,0
U00704,B,0
U00705,A,0
U00706,A,0
U00707,B,0
U00708,A,1
U00709,B,1
U00710,B,0
U00711,A,0
U00712,A,0
U00713,A,0
U00714,A,0
U00715,A,0
U00716,B,0
U00717,B,0
U00718,A,0
U00719,A,0
U00720,A,0
U00721,A,0
U00722,A,0
U00723,A,0
U00724,B,0
U00725,A,0
U00726,B,0
U00727,A,0
U00728,B,1
U00729,B,0
U00730,B,0
U00731,A,0
U00732,B,0
U00733,B,0
U00734,A,0
U00735,B,0
U00736,B,0
U00737,A,0
U00738,B,0
U00739,A,0
U00740,A,0
U00741,B,0
U00742,A,0
U00743,B,0
U00744,B,0
U00745,A,0
U00746,A,1
U00747,A,0
U00748,A,0
U00749,A,0
U00750,B,0
U00751,B,0
U00752,A,1
U00753,A,0
U00754,A,0
U00755,B,0
U00756,B,0
U00757,A,0
U00758,A,0
U00759,B,0
U00760,B,1
U00761,A,0
U00762,A,0
U00763,A,0
U00764,A,0
U00765,B,1
U00766,A,1
U00767,B,0
U00768,A,0
U00769,B,0
U00770,B,0
U00771,A,0
U00772,B,0
U00773,B,0
U00774,B,0
U00775,A,0
U00776,B,0
U00777,A,0
U00778,B,0
U00779,A,0
U00780,A,0
U00781,B,1
U00782,B,0
U00783,A,1
U00784,B,0
U00785,B,0
U00786,A,0
U00787,A,0
U00788,B,0
U00789,B,0
U00790,A,0
U00791,A,0
U00792,A,0
U00793,A,0
U00794,A,0
U00795,B,0
U00796,B,0
U00797,B,0
U00798,A,0
U00799,B,0
U00800,B,0
U00801,A,0
U00802,B,0
U00803,A,0
U00804,A,1
U00805,B,0
U00806,A,0
U00807,B,0
U00808,A,0
U00809,A,0
U00810,B,0
U00811,B,0
U00812,B,0
U00813,A,0
U00814,B,0
U00815,B,0
U00816,B,0
U00817,A,0
U00818,A,0
U00819,A,0
U00820,A,0
U00821,A,0
U00822,A,0
U00823,A,0
U00824,A,0
U00825,A,0
U00826,A,0
U00827,B,0
U00828,B,0
U00829,A,1
U00830,B,0
U00831,B,0
U00832,A,0
U00833,A,1
U00834,B,0
U00835,B,1
U00836,B,0
U00837,A,0
U00838,B,0
U00839,B,0
U00840,A,0
U00841,A,0
U00842,A,0
U00843,B,0
U00844,A,0
U00845,A,0
U00846,A,1
U00847,B,0
U00848,A,0
U00849,B,0
U00850,A,0
U00851,A,0
U00852,A,0
U00853,A,0
U00854,B,0
U00855,B,0
U00856,A,0
U00857,A,0
U00858,A,0
U00859,A,0
U00860,B,0
U00861,A,0
U00862,B,0
U00863,B,0
U00864,B,0
U00865,B,0
U00866,B,0
U00867,A,0
U00868,B,0
U00869,B,0
U00870,A,0
U00871,B,0
U00872,B,0
U00873,A,0
U00874,A,0
U00875,A,0
U00876,A,0
U00877,B,0
U00878,B,0
U00879,B,0
U00880,A,0
U00881,B,0
U00882,B,0
U00883,B,0
U00884,A,0
U00885,B,1
U00886,B,0
U00887,B,0
U00888,B,1
U00889,B,0
U00890,B,1
U00891,A,0
U00892,A,0
U00893,B,0
U00894,A,0
U00895,B,0
U00896,A,0
U00897,B,1
U00898,B,1
U00899,B,0
U00900,B,0
U00901,A,0
U00902,B,0
U00903,B,0
U00904,B,0
U00905,B,0
U00906,B,0
U00907,A,0
U00908,A,0
U00909,B,0
U00910,A,0
U00911,B,0
U00912,B,0
U00913,A,0
U00914,A,0
U00915,B,0
U00916,B,1
U00917,A,0
U00918,A,0
U00919,B,1
U00920,B,0
U00921,A,1
U00922,B,1
U00923,A,0
U00924,B,0
U00925,A,0
U00926,A,0
U00927,B,0
U00928,B,0
U00929,B,0
U00930,A,1
U00931,A,0
U00932,A,0
U00933,B,0
U00934,B,1
U00935,B,1
U00936,B,0
U00937,B,0
U00938,B,0
U00939,A,0
U00940,A,0
U00941,A,0
U00942,B,0
U00943,B,0
U00944,A,0
U00945,B,0
U00946,A,0
U00947,A,0
U00948,B,0
U00949,B,0
U00950,A,0
U00951,B,0
U00952,B,0
U00953,B,1
U00954,B,0
U00955,A,0
U00956,B,0
U00957,A,0
U00958,B,1
U00959,A,0
U00960,B,0
U00961,A,0
U00962,A,0
U00963,A,0
U00964,B,0
U00965,B,0
U00966,B,0
U00967,A,0
U00968,A,0
U00969,B,0
U00970,A,0
U00971,A,0
U00972,A,0
U00973,B,0
U00974,B,0
U00975,B,0
U00976,B,1
U00977,A,0
U00978,A,0
U00979,B,0
U00980,B,0
U00981,A,0
U00982,A,0
U00983,A,1
U00984,A,0
U00985,B,1
U00986,A,0
U00987,A,0
U00988,A,1
U00989,B,0
U00990,B,0
U00991,B,0
U00992,B,0
U00993,A,0
U00994,A,0
U00995,B,0
U00996,A,0
U00997,B,0
U00998,B,0
U00999,B,0
U01000,A,0
U01001,B,0
U01002,B,0
U01003,B,0
U01004,B,0
U01005,B,0
U01006,B,0
U01007,B,0
U01008,A,0
U01009,B,0
U01010,B,0
U01011,B,1
U01012,A,0
U01013,A,0
U01014,B,0
U01015,A,0
U01016,A,0
U01017,B,0
U01018,B,0
U01019,A,0
U01020,A,0
U01021,A,0
U01022,B,0
U01023,A,0
U01024,A,0
U01025,B,0
U01026,A,0
U01027,B,0
U01028,B,0
U01029,B,1
U01030,A,0
U01031,A,0
U01032,B,0
U01033,B,0
U01034,B,0
U01035,B,0
U01036,B,0
U01037,A,0
U01038,B,0
U01039,B,0
U01040,A,0
U01041,A,0
U01042,B,0
U01043,A,0
U01044,A,0
U01045,A,0
U01046,A,0
U01047,B,0
U01048,A,1
U01049,A,0
U01050,B,0
U01051,A,0
U01052,A,0
U01053,B,0
U01054,B,0
U01055,A,0
U01056,B,0
U01057,B,0
U01058,B,0
U01059,B,0
U01060,A,0
U01061,B,1
U01062,B,0
U01063,B,0
U01064,B,0
U01065,B,0
U01066,B,0
U01067,B,0
U01068,A,1
U01069,A,1
U01070,A,0
U01071,A,0
U01072,B,0
U01073,B,1
U01074,B,0
U01075,B,0
U01076,A,0
U01077,B,0
U01078,A,0
U01079,B,0
U01080,A,1
U01081,B,0
U01082,B,0
U01083,B,0
U01084,B,1
U01085,A,0
U01086,B,1
U01087,B,0
U01088,B,0
U01089,A,0
U01090,B,1
U01091,A,0
U01092,A,0
U01093,A,0
U01094,A,1
U01095,B,0
U01096,A,0
U01097,A,0
U01098,A,0
U01099,A,1
U01100,A,0
U01101,B,0
U01102,B,0
U01103,A,0
U01104,A,1
U01105,B,0
U01106,A,0
U01107,A,0
U01108,A,0
U01109,A,0
U01110,B,0
U01111,B,0
U01112,A,0
U01113,A,1
U01114,A,0
U01115,B,0
U01116,A,0
U01117,B,0
U01118,A,0
U01119,A,0
U01120,B,0
U01121,B,0
U01122,B,0
U01123,B,0
U01124,A,0
U01125,B,0
U01126,A,0
U01127,A,0
U01128,A,0
U01129,A,0
U01130,A,0
U01131,B,0
U01132,A,0
U01133,A,0
U01134,A,0
U01135,B,0
U01136,B,0
U01137,A,0
U01138,B,0
U01139,A,1
U01140,B,1
U01141,A,0
U01142,B,0
U01143,B,0
U01144,A,0
U01145,A,0
U01146,B,1
U01147,A,0
U01148,B,0
U01149,A,1
U01150,B,0
U01151,B,0
U01152,B,0
U01153,B,0
U01154,B,0
U01155,B,1
U01156,B,0
U01157,B,0
U01158,B,0
U01159,A,1
U01160,A,0
U01161,A,0
U01162,A,0
U01163,A,0
U01164,A,0
U01165,A,0
U01166,A,0
U01167,B,0
U01168,B,0
U01169,B,0
U01170,B,0
U01171,B,1
U01172,B,0
U01173,B,0
U01174,A,0
U01175,B,0
U01176,A,0
U01177,B,0
U01178,B,1
U01179,B,1
U01180,A,0
U01181,A,0
U01182,A,1
U01183,A,0
U01184,A,0
U01185,B,0
U01186,A,0
U01187,A,0
U01188,A,0
U01189,B,0
U01190,A,0
U01191,A,0
U01192,B,0
U01193,B,0
U01194,A,0
U01195,A,0
U01196,A,0
U01197,A,0
U01198,B,0
U01199,A,0
U01200,A,1
U01201,A,0
U01202,B,0
U01203,A,0
U01204,A,0
U01205,A,0
U01206,B,0
U01207,B,0
U01208,B,0
U01209,A,0
U01210,B,1
U01211,B,0
U01212,A,0
U01213,A,0
U01214,A,1
U01215,B,1
U01216,A,1
U01217,A,0
U01218,A,0
U01219,A,0
U01220,A,0
U01221,A,0
U01222,A,0
U01223,B,0
U01224,A,0
U01225,B,0
U01226,A,0
U01227,A,0
U01228,A,0
U01229,B,0
U01230,B,0
U01231,A,0
U01232,A,0
U01233,A,0
U01234,B,1
U01235,A,1
U01236,B,0
U01237,A,1
U01238,A,0
U01239,A,1
U01240,B,0
U01241,A,0
U01242,A,0
U01243,A,0
U01244,A,0
U01245,A,0
U01246,A,0
U01247,A,1
U01248,A,0
U01249,B,0
U01250,B,0
U01251,A,0
U01252,A,0
U01253,B,0
U01254,A,0
U01255,B,1
U01256,A,0
U01257,A,0
U01258,B,0
U01259,B,1
U01260,A,0
U01261,B,0
U01262,B,0
U01263,A,1
U01264,B,0
U01265,A,0
U01266,B,0
U01267,A,0
U01268,A,0
U01269,B,0
U01270,B,0
U01271,A,0
U01272,A,0
U01273,B,1
U01274,B,0
U01275,B,0
U01276,B,0
U01277,A,1
U01278,B,0
U01279,A,0
U01280,B,0
U01281,B,0
U01282,B,0
U01283,B,1
U01284,B,0
U01285,A,0
U01286,A,0
U01287,B,0
U01288,A,0
U01289,B,0
U01290,A,0
U01291,B,0
U01292,A,0
U01293,A,0
U01294,B,1
U01295,A,0
U01296,B,0
U01297,B,0
U01298,A,0
U01299,A,0
U01300,B,0
U01301,B,1
U01302,B,1
U01303,A,0
U01304,A,1
U01305,A,0
U01306,A,0
U01307,B,0
U01308,B,0
U01309,A,0
U01310,A,1
U01311,A,0
U01312,B,0
U01313,B,0
U01314,B,0
U01315,A,0
U01316,A,0
U01317,B,0
U01318,A,0
U01319,A,0
U01320,A,0
U01321,B,0
U01322,B,0
U01323,A,0
U01324,B,0
U01325,A,0
U01326,A,0
U01327,A,0
U01328,B,1
U01329,A,0
U01330,B,0
U01331,A,0
U01332,B,0
U01333,A,0
U01334,A,0
U01335,A,0
U01336,A,0
U01337,A,0
U01338,A,0
U01339,A,0
U01340,B,0
U01341,B,0
U01342,A,0
U01343,A,0
U01344,A,0
U01345,A,0
U01346,A,0
U01347,A,0
U01348,A,1
U01349,B,0
U01350,B,0
U01351,A,0
U01352,A,0
U01353,A,1
U01354,A,0
U01355,A,1
U01356,A,0
U01357,A,0
U01358,B,1
U01359,A,1
U01360,B,0
U01361,A,0
U01362,B,0
U01363,A,0
U01364,B,0
U01365,A,0
U01366,B,0
U01367,B,0
U01368,A,0
U01369,A,1
U01370,A,0
U01371,B,0
U01372,A,0
U01373,A,0
U01374,B,0
U01375,B,0
U01376,B,0
U01377,A,0
U01378,A,0
U01379,A,0
U01380,A,0
U01381,B,0
U01382,A,0
U01383,A,0
U01384,A,1
U01385,B,0
U01386,B,0
U01387,B,0
U01388,A,0
U01389,B,0
U01390,B,1
U01391,A,0
U01392,A,0
U01393,A,0
U01394,A,1
U01395,A,0
U01396,A,0
U01397,A,0
U01398,A,0
U01399,A,0
U01400,B,0
U01401,B,0
U01402,B,1
U01403,A,1
U01404,B,0
U01405,B,0
U01406,B,0
U01407,A,0
U01408,A,0
U01409,A,0
U01410,A,0
U01411,B,0
U01412,A,0
U01413,B,0
U01414,A,0
U01415,A,0
U01416,B,0
U01417,A,0
U01418,B,0
U01419,A,0
U01420,A,0
U01421,A,0
U01422,B,0
U01423,B,0
U01424,B,0
U01425,A,0
U01426,B,0
U01427,A,0
U01428,A,1
U01429,A,0
U01430,A,0
U01431,B,0
U01432,B,0
U01433,A,0
U01434,B,0
U01435,A,0
U01436,B,0
U01437,B,1
U01438,B,0
U01439,A,1
U01440,B,0
U01441,B,0
U01442,A,0
U01443,A,0
U01444,A,0
U01445,A,0
U01446,A,0
U01447,A,0
U01448,B,0
U01449,B,0
U01450,B,0
U01451,B,0
U01452,B,0
U01453,B,0
U01454,B,0
U01455,A,0
U01456,A,0
U01457,A,0
U01458,A,1
U01459,B,0
U01460,B,1
U01461,A,0
U01462,A,0
U01463,A,0
U01464,A,0
U01465,B,0
U01466,B,0
U01467,A,0
U01468,A,0
U01469,A,0
U01470,A,0
U01471,A,0
U01472,B,1
U01473,A,0
U01474,B,0
U01475,A,0
U01476,A,0
U01477,A,0
U01478,A,0
U01479,B,0
U01480,B,0
U01481,B,0
U01482,A,0
U01483,A,0
U01484,A,0
U01485,B,0
U01486,A,0
U01487,B,0
U01488,A,0
U01489,B,0
U01490,B,0
U01491,A,0
U01492,B,0
U01493,A,0
U01494,B,0
U01495,A,0
U01496,B,0
U01497,A,1
U01498,A,1
U01499,A,1
U01500,B,0
U01501,B,0
U01502,A,1
U01503,B,0
U01504,A,0
U01505,B,0
U01506,B,0
U01507,A,0
U01508,A,0
U01509,A,0
U01510,A,0
U01511,B,0
U01512,A,1
U01513,A,0
U01514,B,0
U01515,A,0
U01516,B,0
U01517,B,0
U01518,B,0
U01519,A,0
U01520,B,0
U01521,A,0
U01522,A,0
U01523,B,0
U01524,B,1
U01525,B,0
U01526,B,1
U01527,A,0
U01528,B,0
U01529,A,0
U01530,A,0
U01531,B,0
U01532,B,0
U01533,B,0
U01534,B,0
U01535,B,0
U01536,A,0
U01537,A,0
U01538,B,1
U01539,A,0
U01540,B,0
U01541,B,0
U01542,A,0
U01543,A,0
U01544,B,0
U01545,B,0
U01546,A,0
U01547,B,0
U01548,A,0
U01549,B,0
U01550,A,0
U01551,A,0
U01552,B,0
U01553,A,0
U01554,B,0
U01555,A,0
U01556,B,1
U01557,A,0
U01558,B,0
U01559,B,0
U01560,A,1
U01561,B,1
U01562,B,0
U01563,B,0
U01564,B,0
U01565,A,1
U01566,B,0
U01567,A,0
U01568,B,0
U01569,A,1
U01570,B,0
U01571,B,0
U01572,B,0
U01573,A,0
U01574,A,0
U01575,B,0
U01576,B,1
U01577,A,0
U01578,B,0
U01579,B,0
U01580,B,0
U01581,A,0
U01582,A,0
U01583,B,0
U01584,A,0
U01585,B,0
U01586,B,0
U01587,A,0
U01588,A,0
U01589,B,0
U01590,B,0
U01591,B,0
U01592,A,0
U01593,A,0
U01594,B,0
U01595,B,0
U01596,A,0
U01597,A,0
U01598,B,1
U01599,B,0
U01600,B,0
U01601,B,0
U01602,B,0
U01603,A,0
U01604,A,0
U01605,B,1
U01606,B,0
U01607,A,0
U01608,A,0
U01609,B,0
U01610,A,0
U01611,A,0
U01612,A,1
U01613,B,0
U01614,B,0
U01615,B,0
U01616,B,0
U01617,A,1
U01618,A,0
U01619,B,0
U01620,A,0
U01621,A,0
U01622,B,0
U01623,A,0
U01624,A,1
U01625,A,0
U01626,A,0
U01627,A,1
U01628,A,0
U01629,B,0
U01630,A,0
U01631,A,0
U01632,B,0
U01633,A,0
U01634,A,1
U01635,A,0
U01636,A,0
U01637,A,0
U01638,B,0
U01639,A,0
U01640,B,0
U01641,A,0
U01642,A,1
U01643,A,0
U01644,B,0
U01645,A,0
U01646,B,0
U01647,A,0
U01648,A,0
U01649,A,0
U01650,B,0
U01651,B,0
U01652,A,0
U01653,B,0
U01654,B,0
U01655,A,1
U01656,B,0
U01657,B,1
U01658,A,0
U01659,B,0
U01660,B,0
U01661,A,0
U01662,A,0
U01663,A,0
U01664,B,0
U01665,B,0
U01666,A,0
U01667,A,0
U01668,B,0
U01669,B,0
U01670,A,0
U01671,A,1
U01672,B,0
U01673,B,0
U01674,A,0
U01675,A,0
U01676,A,0
U01677,A,0
U01678,A,0
U01679,B,0
U01680,A,0
U01681,B,0
U01682,A,0
U01683,B,0
U01684,A,0
U01685,B,0
U01686,A,0
U01687,B,0
U01688,A,0
U01689,B,0
U01690,A,0
U01691,B,0
U01692,B,0
U01693,B,0
U01694,B,0
U01695,A,0
U01696,A,0
U01697,B,0
U01698,B,1
U01699,B,0
U01700,A,0
U01701,A,0
U01702,A,1
U01703,A,0
U01704,B,0
U01705,A,0
U01706,B,0
U01707,B,0
U01708,A,0
U01709,A,1
U01710,B,0
U01711,B,0
U01712,A,0
U01713,A,0
U01714,B,0
U01715,B,0
U01716,A,0
U01717,B,0
U01718,A,1
U01719,B,0
U01720,A,0
U01721,A,0
U01722,B,0
U01723,A,0
U01724,B,0
U01725,A,0
U01726,A,1
U01727,B,0
U01728,A,1
U01729,A,0
U01730,A,0
U01731,A,1
U01732,A,0
U01733,B,0
U01734,A,0
U01735,A,0
U01736,B,0
U01737,A,0
U01738,B,0
U01739,B,0
U01740,B,0
U01741,B,0
U01742,B,0
U01743,B,0
U01744,A,0
U01745,A,0
U01746,B,0
U01747,A,0
U01748,B,0
U01749,A,0
U01750,A,0
U01751,B,0
U01752,B,0
U01753,B,0
U01754,B,0
U01755,A,0
U01756,A,0
U01757,B,0
U01758,A,0
U01759,A,0
U01760,A,0
U01761,A,0
U01762,B,0
U01763,A,0
U01764,B,0
U01765,B,0
U01766,B,0
U01767,B,1
U01768,A,0
U01769,B,0
U01770,B,0
U01771,B,0
U01772,B,0
U01773,B,0
U01774,B,0
U01775,A,0
U01776,A,0
U01777,B,0
U01778,B,0
U01779,A,0
U01780,A,0
U01781,B,0
U01782,B,0
U01783,A,0
U01784,B,0
U01785,B,0
U01786,A,1
U01787,B,0
U01788,B,0
U01789,A,0
U01790,A,0
U01791,B,0
U01792,A,0
U01793,A,0
U01794,A,0
U01795,A,0
U01796,A,0
U01797,A,0
U01798,A,0
U01799,B,0
U01800,A,1
U01801,A,1
U01802,B,0
U01803,B,0
U01804,A,1
U01805,B,0
U01806,B,0
U01807,B,0
U01808,A,0
U01809,A,0
U01810,B,0
U01811,B,0
U01812,A,0
U01813,A,0
U01814,A,1
U01815,A,0
U01816,B,0
U01817,B,0
U01818,B,0
U01819,B,0
U01820,A,0
U01821,B,0
U01822,B,0
U01823,A,0
U01824,A,0
U01825,A,1
U01826,B,0
U01827,B,0
U01828,A,0
U01829,B,0
U01830,B,0
U01831,B,0
U01832,A,0
U01833,A,0
U01834,A,0
U01835,B,0
U01836,B,0
U01837,B,0
U01838,A,0
U01839,B,1
U01840,A,1
U01841,A,0
U01842,B,0
U01843,B,0
U01844,A,0
U01845,B,0
U01846,A,0
U01847,B,0
U01848,A,0
U01849,A,1
U01850,A,0
U01851,B,0
U01852,A,0
U01853,A,0
U01854,A,0
U01855,A,0
U01856,B,1
U01857,B,0
U01858,A,0
U01859,A,0
U01860,A,0
U01861,B,0
U01862,B,0
U01863,B,0
U01864,B,0
U01865,A,0
U01866,A,0
U01867,B,0
U01868,B,0
U01869,B,0
U01870,B,1
U01871,A,0
U01872,B,0
U01873,A,0
U01874,B,0
U01875,B,0
U01876,A,0
U01877,B,0
U01878,B,0
U01879,A,0
U01880,A,0
U01881,A,0
U01882,B,1
U01883,B,0
U01884,B,0
U01885,A,1
U01886,B,1
U01887,B,0
U01888,B,0
U01889,A,0
U01890,A,0
U01891,B,0
U01892,B,0
U01893,A,0
U01894,B,0
U01895,A,0
U01896,A,0
U01897,B,0
U01898,B,0
U01899,B,0
U01900,B,0
U01901,B,0
U01902,A,1
U01903,B,0
U01904,B,0
U01905,B,0
U01906,A,0
U01907,A,0
U01908,A,0
U01909,B,0
U01910,A,0
U01911,B,0
U01912,B,0
U01913,A,1
U01914,B,0
U01915,A,0
U01916,A,0
U01917,B,0
U01918,A,0
U01919,A,0
U01920,B,0
U01921,B,0
U01922,B,0
U01923,A,1
U01924,A,0
U01925,A,1
U01926,B,0
U01927,A,1
U01928,B,0
U01929,B,1
U01930,B,0
U01931,B,0
U01932,A,0
U01933,B,0
U01934,B,0
U01935,A,0
U01936,B,0
U01937,A,0
U01938,A,0
U01939,A,0
U01940,A,0
U01941,A,0
U01942,A,0
U01943,A,0
U01944,A,0
U01945,B,0
U01946,A,0
U01947,B,0
U01948,A,0
U01949,A,0
U01950,B,0
U01951,A,0
U01952,B,0
U01953,B,0
U01954,A,0
U01955,B,0
U01956,A,0
U01957,B,0
U01958,A,0
U01959,B,0
U01960,A,0
U01961,A,0
U01962,A,0
U01963,B,1
U01964,B,1
U01965,A,1
U01966,B,0
U01967,B,0
U01968,B,0
U01969,B,0
U01970,B,1
U01971,B,1
U01972,B,0
U01973,B,1
U01974,A,0
U01975,A,0
U01976,B,0
U01977,A,0
U01978,B,0
U01979,B,0
U01980,A,0
U01981,B,0
U01982,A,0
U01983,A,0
U01984,B,0
U01985,A,0
U01986,A,0
U01987,A,0
U01988,A,0
U01989,B,1
U01990,B,0
U01991,A,0
U01992,A,0
U01993,B,0
U01994,A,0
U01995,B,1
U01996,A,0
U01997,A,0
U01998,B,0
U01999,B,0
U02000,B,0
U02001,B,1
U02002,A,0
U02003,B,0
U02004,B,0
U02005,B,0
U02006,A,0
U02007,A,0
U02008,A,0
U02009,B,0
U02010,A,1
U02011,B,0
U02012,B,1
U02013,B,0
U02014,A,0
U02015,B,0
U02016,A,0
U02017,B,0
U02018,A,1
U02019,A,0
U02020,A,0
U02021,A,0
U02022,A,1
U02023,B,0
U02024,A,0
U02025,A,0
U02026,B,0
U02027,B,0
U02028,A,0
U02029,B,0
U02030,B,0
U02031,A,0
U02032,A,0
U02033,B,0
U02034,A,0
U02035,B,0
U02036,B,0
U02037,A,0
U02038,A,0
U02039,B,0
U02040,A,0
U02041,A,0
U02042,B,0
U02043,B,0
U02044,A,0
U02045,B,0
U02046,B,0
U02047,B,0
U02048,A,0
U02049,A,0
U02050,B,1
U02051,A,0
U02052,A,0
U02053,B,1
U02054,B,0
U02055,A,0
U02056,B,1
U02057,A,0
U02058,A,0
U02059,B,0
U02060,A,0
U02061,B,0
U02062,A,0
U02063,A,0
U02064,A,0
U02065,B,0
U02066,B,0
U02067,A,0
U02068,B,0
U02069,B,1
U02070,A,1
U02071,A,0
U02072,B,0
U02073,B,0
U02074,A,0
U02075,B,0
U02076,B,0
U02077,A,1
U02078,B,0
U02079,A,0
U02080,A,0
U02081,A,0
U02082,A,0
U02083,A,0
U02084,B,0
U02085,B,0
U02086,B,0
U02087,B,0
U02088,A,0
U02089,A,0
U02090,A,0
U02091,B,0
U02092,B,0
U02093,A,1
U02094,B,0
U02095,B,0
U02096,A,0
U02097,A,0
U02098,A,0
U02099,A,0
U02100,B,0
U02101,A,0
U02102,B,0
U02103,B,0
U02104,A,0
U02105,B,0
U02106,A,0
U02107,A,1
U02108,B,0
U02109,B,0
U02110,A,0
U02111,B,0
U02112,A,1
U02113,B,0
U02114,B,0
U02115,A,0
U02116,B,0
U02117,A,0
U02118,A,0
U02119,B,0
U02120,A,0
U02121,B,0
U02122,A,0
U02123,B,0
U02124,A,0
U02125,B,1
U02126,B,0
U02127,B,1
U02128,B,0
U02129,B,0
U02130,A,0
U02131,A,0
U02132,B,0
U02133,B,0
U02134,A,0
U02135,B,0
U02136,A,0
U02137,B,0
U02138,A,1
U02139,A,0
U02140,A,0
U02141,B,0
U02142,A,1
U02143,A,0
U02144,A,0
U02145,A,0
U02146,A,0
U02147,B,0
U02148,B,0
U02149,B,1
U02150,A,0
U02151,A,0
U02152,A,0
U02153,B,0
U02154,B,0
U02155,A,0
U02156,A,0
U02157,B,0
U02158,A,0
U02159,B,0
U02160,A,0
U02161,A,0
U02162,A,1
U02163,B,0
U02164,A,1
U02165,A,0
U02166,B,0
U02167,A,0
U02168,B,0
U02169,B,0
U02170,A,0
U02171,A,0
U02172,B,0
U02173,A,0
U02174,A,1
U02175,A,0
U02176,A,1
U02177,B,0
U02178,B,0
U02179,B,0
U02180,A,0
U02181,B,0
U02182,B,0
U02183,A,0
U02184,B,0
U02185,A,0
U02186,B,1
U02187,A,0
U02188,B,0
U02189,A,0
U02190,A,0
U02191,B,0
U02192,A,0
U02193,B,0
U02194,A,0
U02195,B,0
U02196,B,0
U02197,A,0
U02198,A,0
U02199,B,0
U02200,A,0
U02201,A,0
U02202,A,0
U02203,B,1
U02204,B,0
U02205,B,0
U02206,A,1
U02207,A,0
U02208,B,0
U02209,A,0
U02210,A,0
U02211,B,0
U02212,A,0
U02213,B,0
U02214,A,0
U02215,B,0
U02216,A,0
U02217,B,0
U02218,A,0
U02219,B,0
U02220,A,0
U02221,A,0
U02222,B,0
U02223,A,0
U02224,B,0
U02225,B,0
U02226,B,0
U02227,A,0
U02228,A,0
U02229,A,1
U02230,B,0
U02231,B,0
U02232,A,1
U02233,A,0
U02234,A,0
U02235,B,0
U02236,A,0
U02237,B,0
U02238,A,0
U02239,B,1
U02240,A,0
U02241,A,0
U02242,A,0
U02243,A,0
U02244,A,0
U02245,B,0
U02246,B,0
U02247,B,0
U02248,A,0
U02249,A,0
U02250,A,0
U02251,A,0
U02252,B,0
U02253,A,0
U02254,A,1
U02255,B,1
U02256,B,0
U02257,B,0
U02258,A,1
U02259,B,0
U02260,B,0
U02261,A,0
U02262,B,0
U02263,B,0
U02264,B,0
U02265,A,1
U02266,A,0
U02267,A,0
U02268,B,0
U02269,B,0
U02270,A,0
U02271,B,0
U02272,A,0
U02273,B,0
U02274,B,0
U02275,A,0
U02276,B,0
U02277,B,1
U02278,B,0
U02279,A,1
U02280,A,0
U02281,B,0
U02282,A,0
U02283,A,0
U02284,A,0
U02285,B,1
U02286,A,0
U02287,A,0
U02288,A,0
U02289,A,0
U02290,A,0
U02291,B,0
U02292,B,0
U02293,B,0
U02294,A,0
U02295,B,1
U02296,B,1
U02297,A,1
U02298,A,0
U02299,A,0
U02300,B,0
U02301,A,0
U02302,A,0
U02303,A,1
U02304,B,0
U02305,B,0
U02306,B,0
U02307,A,0
U02308,B,1
U02309,B,0
U02310,B,0
U02311,B,0
U02312,A,1
U02313,B,0
U02314,A,0
U02315,A,0
U02316,B,1
U02317,A,0
U02318,A,0
U02319,B,1
U02320,B,1
U02321,B,0
U02322,A,0
U02323,A,0
U02324,A,0
U02325,A,0
U02326,B,0
U02327,A,0
U02328,A,0
U02329,A,1
U02330,A,0
U02331,B,0
U02332,A,0
U02333,B,0
U02334,A,0
U02335,B,0
U02336,B,0
U02337,A,0
U02338,B,0
U02339,B,0
U02340,B,0
U02341,A,0
U02342,A,0
U02343,A,0
U02344,B,0
U02345,B,0
U02346,B,0
U02347,B,0
U02348,A,0
U02349,A,0
U02350,B,0
U02351,A,0
U02352,B,0
U02353,A,0
U02354,B,0
U02355,A,0
U02356,A,0
U02357,B,0
U02358,B,0
U02359,A,0
U02360,B,0
U02361,B,0
U02362,B,0
U02363,B,0
U02364,B,0
U02365,B,0
U02366,A,0
U02367,A,1
U02368,B,0
U02369,B,0
U02370,B,0
U02371,B,0
U02372,B,0
U02373,A,1
U02374,B,0
U02375,B,0
U02376,B,0
U02377,B,0
U02378,B,0
U02379,B,1
U02380,B,0
U02381,B,0
U02382,B,0
U02383,B,0
U02384,A,0
U02385,A,0
U02386,A,0
U02387,A,0
U02388,B,0
U02389,A,0
U02390,A,0
U02391,A,1
U02392,A,0
U02393,B,1
U02394,B,0
U02395,B,0
U02396,A,0
U02397,A,0
U02398,A,0
U02399,B,0
U02400,B,0
U02401,A,0
U02402,B,0
U02403,B,0
U02404,B,0
U02405,A,0
U02406,B,1
U02407,B,0
U02408,A,0
U02409,A,1
U02410,A,0
U02411,A,0
U02412,A,0
U02413,A,0
U02414,A,0
U02415,A,0
U02416,A,0
U02417,B,0
U02418,B,0
U02419,A,0
U02420,B,0
U02421,B,0
U02422,B,0
U02423,A,0
U02424,B,0
U02425,A,0
U02426,A,0
U02427,B,0
U02428,A,0
U02429,B,0
U02430,B,0
U02431,A,0
U02432,B,0
U02433,B,1
U02434,B,0
U02435,A,0
U02436,A,1
U02437,B,0
U02438,A,0
U02439,A,0
U02440,A,0
U02441,A,0
U02442,A,0
U02443,B,0
U02444,B,0
U02445,A,0
U02446,A,0
U02447,A,0
U02448,B,0
U02449,B,1
U02450,B,0
U02451,A,0
U02452,B,1
U02453,B,0
U02454,B,0
U02455,A,0
U02456,A,0
U02457,A,1
U02458,B,0
U02459,A,1
U02460,B,0
U02461,B,0
U02462,A,0
U02463,A,0
U02464,A,1
U02465,A,0
U02466,B,0
U02467,A,0
U02468,B,0
U02469,B,1
U02470,A,1
U02471,B,0
U02472,A,0
U02473,B,1
U02474,B,0
U02475,B,0
U02476,A,1
U02477,A,0
U02478,B,0
U02479,B,0
U02480,A,0
U02481,A,0
U02482,A,0
U02483,A,0
U02484,B,0
U02485,B,0
U02486,B,1
U02487,A,0
U02488,A,0
U02489,B,0
U02490,A,0
U02491,B,0
U02492,A,0
U02493,B,1
U02494,B,1
U02495,B,0
U02496,B,0
U02497,A,0
U02498,A,1
U02499,B,1
U02500,A,0
U02501,B,0
U02502,A,0
U02503,B,1
U02504,B,0
U02505,A,1
U02506,A,0
U02507,A,0
U02508,B,0
U02509,B,0
U02510,A,0
U02511,A,0
U02512,B,0
U02513,A,0
U02514,B,0
U02515,A,0
U02516,B,0
U02517,B,0
U02518,A,0
U02519,B,0
U02520,A,1
U02521,A,0
U02522,A,0
U02523,A,0
U02524,A,0
U02525,B,0
U02526,A,0
U02527,B,1
U02528,B,1
U02529,B,0
U02530,B,0
U02531,B,0
U02532,B,0
U02533,A,0
U02534,A,0
U02535,A,0
U02536,B,0
U02537,B,0
U02538,A,0
U02539,B,0
U02540,A,0
U02541,B,0
U02542,A,0
U02543,B,0
U02544,B,1
U02545,A,0
U02546,A,0
U02547,A,0
U02548,A,0
U02549,A,0
U02550,A,0
U02551,B,0
U02552,A,0
U02553,A,0
U02554,B,0
U02555,A,1
U02556,A,0
U02557,B,0
U02558,B,0
U02559,A,0
U02560,A,0
U02561,A,0
U02562,B,0
U02563,B,0
U02564,A,0
U02565,A,0
U02566,B,0
U02567,A,0
U02568,A,0
U02569,B,0
U02570,A,0
U02571,A,1
U02572,B,0
U02573,B,0
U02574,B,0
U02575,A,0
U02576,B,0
U02577,A,0
U02578,A,0
U02579,A,0
U02580,A,0
U02581,B,0
U02582,A,0
U02583,B,0
U02584,B,0
U02585,B,0
U02586,B,0
U02587,B,0
U02588,B,0
U02589,A,0
U02590,A,0
U02591,B,0
U02592,A,0
U02593,B,1
U02594,B,0
U02595,B,0
U02596,A,0
U02597,B,0
U02598,A,0
U02599,A,0
U02600,B,0
U02601,A,0
U02602,B,0
U02603,A,0
U02604,A,0
U02605,A,0
U02606,A,0
U02607,B,0
U02608,B,1
U02609,B,0
U02610,B,0
U02611,A,1
U02612,A,0
U02613,A,0
U02614,A,0
U02615,B,1
U02616,B,0
U02617,A,0
U02618,B,0
U02619,B,0
U02620,A,0
U02621,A,0
U02622,B,0
U02623,B,0
U02624,B,0
U02625,A,0
U02626,B,0
U02627,B,0
U02628,B,0
U02629,B,0
U02630,B,0
U02631,B,0
U02632,B,0
U02633,A,0
U02634,B,0
U02635,B,1
U02636,B,1
U02637,A,0
U02638,B,0
U02639,A,0
U02640,A,0
U02641,B,0
U02642,A,0
U02643,B,0
U02644,B,0
U02645,A,1
U02646,A,0
U02647,A,1
U02648,B,0
U02649,A,0
U02650,A,0
U02651,A,0
U02652,A,0
U02653,A,0
U02654,B,0
U02655,B,0
U02656,B,0
U02657,A,0
U02658,A,0
U02659,A,1
U02660,A,0
U02661,B,0
U02662,A,0
U02663,A,0
U02664,A,0
U02665,B,0
U02666,A,0
U02667,A,0
U02668,B,0
U02669,B,0
U02670,A,0
U02671,A,0
U02672,B,0
U02673,B,0
U02674,B,0
U02675,A,0
U02676,A,0
U02677,B,0
U02678,A,0
U02679,A,0
U02680,A,0
U02681,A,0
U02682,B,0
U02683,A,0
U02684,A,0
U02685,B,0
U02686,B,0
U02687,A,0
U02688,A,0
U02689,A,0
U02690,B,0
U02691,A,0
U02692,B,0
U02693,B,0
U02694,B,0
U02695,B,1
U02696,A,0
U02697,B,0
U02698,B,0
U02699,B,0
U02700,B,0
U02701,A,0
U02702,A,0
U02703,B,1
U02704,B,0
U02705,B,0
U02706,A,0
U02707,B,0
U02708,B,1
U02709,A,0
U02710,B,0
U02711,B,0
U02712,A,0
U02713,B,0
U02714,B,0
U02715,B,0
U02716,B,0
U02717,B,0
U02718,A,0
U02719,A,0
U02720,A,0
U02721,B,0
U02722,A,1
U02723,B,0
U02724,A,0
U02725,B,0
U02726,B,0
U02727,B,0
U02728,B,0
U02729,B,0
U02730,B,0
U02731,B,0
U02732,A,0
U02733,B,0
U02734,A,0
U02735,B,0
U02736,A,0
U02737,A,1
U02738,A,0
U02739,B,0
U02740,B,0
U02741,A,0
U02742,A,0
U02743,B,1
U02744,B,0
U02745,B,0
U02746,B,1
U02747,A,0
U02748,B,0
U02749,B,0
U02750,B,0
U02751,A,0
U02752,A,0
U02753,A,0
U02754,B,1
U02755,B,0
U02756,A,0
U02757,B,0
U02758,A,0
U02759,B,1
U02760,A,0
U02761,A,1
U02762,A,0
U02763,B,0
U02764,B,0
U02765,A,0
U02766,B,1
U02767,A,0
U02768,A,0
U02769,B,0
U02770,B,0
U02771,A,0
U02772,B,0
U02773,A,0
U02774,B,0
U02775,B,0
U02776,B,0
U02777,B,0
U02778,B,1
U02779,A,0
U02780,B,0
U02781,B,0
U02782,B,0
U02783,B,0
U02784,B,1
U02785,B,0
U02786,A,0
U02787,B,0
U02788,A,0
U02789,A,0
U02790,A,0
U02791,A,0
U02792,B,0
U02793,A,0
U02794,B,0
U02795,A,0
U02796,A,0
U02797,B,0
U02798,B,0
U02799,A,0
U02800,B,1
U02801,A,0
U02802,B,0
U02803,B,0
U02804,B,0
U02805,B,0
U02806,A,0
U02807,B,0
U02808,A,0
U02809,B,0
U02810,B,0
U02811,A,0
U02812,A,0
U02813,B,0
U02814,B,0
U02815,A,0
U02816,A,0
U02817,B,1
U02818,B,1
U02819,A,0
U02820,B,0
U02821,A,0
U02822,A,0
U02823,A,0
U02824,B,0
U02825,A,1
U02826,B,0
U02827,B,0
U02828,A,0
U02829,A,0
U02830,B,0
U02831,A,0
U02832,A,0
U02833,A,0
U02834,B,0
U02835,B,1
U02836,B,0
U02837,A,0
U02838,A,0
U02839,B,0
U02840,B,1
U02841,B,0
U02842,B,0
U02843,A,1
U02844,A,0
U02845,A,0
U02846,B,0
U02847,A,0
U02848,B,1
U02849,B,0
U02850,A,0
U02851,A,0
U02852,B,1
U02853,B,0
U02854,B,0
U02855,B,0
U02856,A,0
U02857,A,0
U02858,B,0
U02859,B,0
U02860,B,0
U02861,A,0
U02862,A,1
U02863,B,0
U02864,A,0
U02865,A,0
U02866,B,0
U02867,B,0
U02868,A,0
U02869,B,0
U02870,B,1
U02871,A,0
U02872,B,0
U02873,B,0
U02874,B,0
U02875,A,0
U02876,B,0
U02877,B,1
U02878,B,0
U02879,A,1
U02880,B,0
U02881,A,0
U02882,B,0
U02883,A,1
U02884,A,0
U02885,A,0
U02886,A,0
U02887,A,0
U02888,B,1
U02889,B,0
U02890,B,0
U02891,A,0
U02892,B,0
U02893,B,0
U02894,A,0
U02895,B,0
U02896,A,1
U02897,A,0
U02898,B,1
U02899,B,0
U02900,A,0
U02901,B,0
U02902,A,0
U02903,B,0
U02904,A,0
U02905,A,0
U02906,A,0
U02907,B,0
U02908,A,0
U02909,B,0
U02910,A,0
U02911,B,0
U02912,A,0
U02913,B,0
U02914,B,0
U02915,A,0
U02916,A,0
U02917,A,1
U02918,B,0
U02919,A,0
U02920,A,0
U02921,B,0
U02922,A,0
U02923,A,0
U02924,A,0
U02925,B,1
U02926,B,0
U02927,A,0
U02928,A,0
U02929,B,0
U02930,B,0
U02931,B,1
U02932,A,0
U02933,B,0
U02934,B,0
U02935,B,0
U02936,B,0
U02937,B,0
U02938,A,0
U02939,B,1
U02940,A,1
U02941,A,0
U02942,B,0
U02943,A,0
U02944,B,0
U02945,A,0
U02946,A,0
U02947,A,0
U02948,A,0
U02949,B,0
U02950,A,1
U02951,A,0
U02952,B,0
U02953,B,0
U02954,A,0
U02955,B,1
U02956,A,0
U02957,A,0
U02958,B,0
U02959,B,0
U02960,A,0
U02961,B,0
U02962,B,0
U02963,A,0
U02964,A,0
U02965,A,0
U02966,A,0
U02967,A,0
U02968,A,0
U02969,B,0
U02970,A,0
U02971,A,0
U02972,A,0
U02973,A,0
U02974,A,0
U02975,A,0
U02976,A,0
U02977,A,0
U02978,A,0
U02979,B,0
U02980,A,0
U02981,A,0
U02982,A,0
U02983,B,0
U02984,A,0
U02985,B,1
U02986,A,0
U02987,A,0
U02988,A,0
U02989,A,0
U02990,B,0
U02991,B,0
U02992,A,0
U02993,B,0
U02994,B,0
U02995,B,0
U02996,B,0
U02997,A,0
U02998,A,0
U02999,A,0
U03000,B,0
U03001,B,0
U03002,A,0
U03003,A,0
U03004,B,0
U03005,B,0
U03006,A,0
U03007,A,0
U03008,B,0
U03009,B,0
U03010,A,0
U03011,B,0
U03012,A,0
U03013,A,0
U03014,A,0
U03015,B,0
U03016,A,0
U03017,A,0
U03018,B,0
U03019,A,0
U03020,B,1
U03021,B,0
U03022,A,1
U03023,A,0
U03024,A,0
U03025,A,0
U03026,B,0
U03027,A,0
U03028,B,0
U03029,A,0
U03030,B,0
U03031,A,0
U03032,B,0
U03033,A,0
U03034,A,0
U03035,B,0
U03036,B,0
U03037,B,0
U03038,B,1
U03039,B,0
U03040,A,0
U03041,A,0
U03042,B,0
U03043,B,0
U03044,B,0
U03045,A,0
U03046,B,1
U03047,A,1
U03048,B,0
U03049,B,0
U03050,A,1
U03051,B,0
U03052,A,0
U03053,A,0
U03054,B,0
U03055,B,0
U03056,B,1
U03057,A,0
U03058,A,0
U03059,B,0
U03060,B,0
U03061,A,0
U03062,A,0
U03063,B,0
U03064,A,0
U03065,B,0
U03066,A,0
U03067,A,0
U03068,A,0
U03069,B,0
U03070,B,0
U03071,A,1
U03072,B,1
U03073,A,1
U03074,B,0
U03075,B,0
U03076,B,0
U03077,A,0
U03078,A,1
U03079,A,0
U03080,B,0
U03081,A,0
U03082,B,0
U03083,A,0
U03084,A,0
U03085,A,0
U03086,A,0
U03087,B,0
U03088,A,0
U03089,A,0
U03090,B,0
U03091,A,0
U03092,A,0
U03093,A,1
U03094,B,0
U03095,B,0
U03096,B,1
U03097,B,0
U03098,A,0
U03099,A,0
U03100,B,0
U03101,A,0
U03102,B,0
U03103,A,1
U03104,B,0
U03105,B,0
U03106,A,0
U03107,A,0
U03108,A,0
U03109,A,0
U03110,B,0
U03111,A,0
U03112,A,0
U03113,A,0
U03114,A,0
U03115,B,1
U03116,B,0
U03117,A,0
U03118,A,1
U03119,A,0
U03120,B,0
U03121,A,0
U03122,A,0
U03123,B,0
U03124,B,0
U03125,B,0
U03126,B,0
U03127,B,0
U03128,B,0
U03129,A,0
U03130,A,1
U03131,B,0
U03132,A,0
U03133,A,0
U03134,A,0
U03135,B,0
U03136,B,0
U03137,A,1
U03138,A,0
U03139,A,0
U03140,B,0
U03141,A,1
U03142,B,0
U03143,A,0
U03144,A,0
U03145,A,0
U03146,A,0
U03147,A,0
U03148,B,0
U03149,B,0
U03150,B,0
U03151,B,0
U03152,A,0
U03153,A,0
U03154,B,0
U03155,A,0
U03156,A,0
U03157,B,0
U03158,B,0
U03159,A,0
U03160,A,0
U03161,A,0
U03162,B,0
U03163,B,0
U03164,A,0
U03165,B,0
U03166,B,0
U03167,A,0
U03168,B,0
U03169,A,0
U03170,B,0
U03171,A,0
U03172,A,0
U03173,A,0
U03174,B,1
U03175,A,0
U03176,A,0
U03177,A,0
U03178,B,0
U03179,A,0
U03180,A,1
U03181,B,0
U03182,B,1
U03183,B,0
U03184,A,0
U03185,A,0
U03186,B,0
U03187,B,0
U03188,B,0
U03189,B,0
U03190,B,1
U03191,B,0
U03192,B,0
U03193,B,0
U03194,B,0
U03195,A,0
U03196,B,0
U03197,B,1
U03198,B,0
U03199,A,0
U03200,A,0
U03201,A,0
U03202,A,0
U03203,A,0
U03204,A,0
U03205,B,0
U03206,A,1
U03207,B,0
U03208,B,0
U03209,A,0
U03210,A,0
U03211,B,1
U03212,A,0
U03213,B,0
U03214,B,0
U03215,A,0
U03216,B,0
U03217,A,1
U03218,B,0
U03219,B,0
U03220,B,0
U03221,B,0
U03222,A,0
U03223,A,0
U03224,B,0
U03225,A,0
U03226,B,0
U03227,A,0
U03228,A,0
U03229,B,1
U03230,B,0
U03231,B,0
U03232,A,0
U03233,A,0
U03234,A,0
U03235,B,0
U03236,B,0
U03237,A,0
U03238,B,0
U03239,B,0
U03240,A,0
U03241,A,0
U03242,B,0
U03243,A,0
U03244,A,0
U03245,B,0
U03246,A,0
U03247,A,0
U03248,B,0
U03249,A,0
U03250,A,0
U03251,B,0
U03252,A,0
U03253,B,1
U03254,A,0
U03255,A,1
U03256,A,1
U03257,B,0
U03258,B,1
U03259,B,0
U03260,A,0
U03261,B,0
U03262,B,0
U03263,A,0
U03264,A,0
U03265,A,0
U03266,B,0
U03267,B,0
U03268,A,0
U03269,A,0
U03270,B,0
U03271,B,0
U03272,A,0
U03273,B,0
U03274,A,0
U03275,A,0
U03276,B,0
U03277,A,0
U03278,A,0
U03279,B,0
U03280,A,0
U03281,B,0
U03282,A,0
U03283,B,0
U03284,A,0
U03285,A,0
U03286,B,0
U03287,B,0
U03288,A,0
U03289,A,1
U03290,A,1
U03291,B,1
U03292,B,0
U03293,B,0
U03294,B,0
U03295,A,0
U03296,A,0
U03297,A,0
U03298,B,1
U03299,A,0
U03300,A,0
U03301,B,0
U03302,A,0
U03303,B,1
U03304,B,0
U03305,A,0
U03306,A,1
U03307,A,0
U03308,B,0
U03309,B,0
U03310,B,0
U03311,A,0
U03312,B,0
U03313,B,0
U03314,A,0
U03315,B,1
U03316,B,0
U03317,B,0
U03318,B,1
U03319,A,0
U03320,B,0
U03321,A,0
U03322,B,1
U03323,B,0
U03324,B,0
U03325,B,0
U03326,B,0
U03327,A,1
U03328,A,0
U03329,B,0
U03330,B,0
U03331,A,0
U03332,B,0
U03333,B,0
U03334,B,1
U03335,A,0
U03336,A,0
U03337,A,1
U03338,B,0
U03339,B,0
U03340,B,0
U03341,A,0
U03342,B,0
U03343,A,1
U03344,B,0
U03345,B,0
U03346,B,0
U03347,A,0
U03348,A,0
U03349,A,1
U03350,B,1
U03351,A,0
U03352,B,0
U03353,A,0
U03354,A,0
U03355,B,0
U03356,A,1
U03357,B,0
U03358,A,0
U03359,A,1
U03360,A,0
U03361,B,0
U03362,B,0
U03363,B,0
U03364,A,0
U03365,B,0
U03366,A,0
U03367,B,1
U03368,B,0
U03369,A,0
U03370,B,0
U03371,A,0
U03372,A,0
U03373,B,0
U03374,B,0
U03375,A,0
U03376,A,0
U03377,B,0
U03378,A,0
U03379,A,0
U03380,A,0
U03381,B,0
U03382,B,0
U03383,B,0
U03384,B,0
U03385,A,0
U03386,B,0
U03387,A,0
U03388,A,0
U03389,A,0
U03390,B,0
U03391,A,0
U03392,A,0
U03393,B,0
U03394,B,0
U03395,B,0
U03396,A,0
U03397,A,0
U03398,B,0
U03399,B,0
U03400,A,0
U03401,A,0
U03402,A,0
U03403,A,0
U03404,A,0
U03405,B,0
U03406,A,0
U03407,B,0
U03408,B,0
U03409,A,1
U03410,A,0
U03411,A,1
U03412,A,0
U03413,A,0
U03414,B,0
U03415,A,0
U03416,A,0
U03417,B,0
U03418,A,0
U03419,B,0
U03420,A,0
U03421,B,1
U03422,B,0
U03423,B,0
U03424,A,0
U03425,B,0
U03426,B,1
U03427,B,1
U03428,A,0
U03429,A,0
U03430,A,0
U03431,B,0
U03432,B,0
U03433,A,0
U03434,B,0
U03435,A,0
U03436,B,0
U03437,B,0
U03438,B,0
U03439,B,0
U03440,B,0
U03441,A,0
U03442,A,0
U03443,B,0
U03444,A,0
U03445,A,0
U03446,B,0
U03447,B,0
U03448,B,0
U03449,A,0
U03450,B,0
U03451,B,0
U03452,A,0
U03453,B,0
U03454,B,0
U03455,A,0
U03456,B,1
U03457,B,0
U03458,A,0
U03459,B,0
U03460,B,0
U03461,B,0
U03462,A,0
U03463,A,0
U03464,B,0
U03465,B,0
U03466,B,0
U03467,A,1
U03468,B,1
U03469,B,0
U03470,A,0
U03471,B,0
U03472,A,0
U03473,B,0
U03474,B,0
U03475,A,0
U03476,A,1
U03477,B,0
U03478,A,0
U03479,A,0
U03480,B,0
U03481,A,0
U03482,A,0
U03483,A,0
U03484,A,0
U03485,A,0
U03486,A,0
U03487,B,1
U03488,B,0
U03489,A,1
U03490,A,0
U03491,A,0
U03492,B,0
U03493,B,0
U03494,B,1
U03495,A,0
U03496,B,0
U03497,B,0
U03498,A,0
U03499,B,0
U03500,B,0
U03501,A,0
U03502,B,0
U03503,A,0
U03504,A,0
U03505,B,0
U03506,A,0
U03507,B,0
U03508,B,0
U03509,A,0
U03510,B,1
U03511,A,0
U03512,A,0
U03513,B,0
U03514,A,0
U03515,B,0
U03516,B,0
U03517,A,0
U03518,A,0
U03519,B,0
U03520,B,1
U03521,B,0
U03522,A,1
U03523,A,0
U03524,A,0
U03525,B,1
U03526,B,1
U03527,B,0
U03528,A,0
U03529,A,0
U03530,B,0
U03531,B,1
U03532,A,0
U03533,A,0
U03534,B,0
U03535,B,0
U03536,B,0
U03537,B,1
U03538,A,0
U03539,A,0
U03540,B,0
U03541,B,0
U03542,B,0
U03543,A,0
U03544,B,0
U03545,B,1
U03546,B,0
U03547,B,1
U03548,B,0
U03549,A,0
U03550,B,0
U03551,B,0
U03552,B,0
U03553,A,0
U03554,B,0
U03555,A,0
U03556,B,0
U03557,B,1
U03558,B,1
U03559,A,1
U03560,A,0
U03561,A,0
U03562,A,0
U03563,B,0
U03564,B,0
U03565,B,0
U03566,A,0
U03567,B,0
U03568,B,0
U03569,B,0
U03570,B,0
U03571,A,0
U03572,A,0
U03573,A,0
U03574,A,0
U03575,B,1
U03576,A,0
U03577,B,0
U03578,A,0
U03579,A,1
U03580,B,0
U03581,A,0
U03582,B,1
U03583,B,0
U03584,B,0
U03585,B,1
U03586,A,0
U03587,B,1
U03588,A,0
U03589,B,0
U03590,B,0
U03591,B,0
U03592,B,1
U03593,A,0
U03594,A,0
U03595,B,0
U03596,B,0
U03597,A,0
U03598,A,0
U03599,A,0
U03600,A,1
U03601,B,0
U03602,A,0
U03603,A,0
U03604,A,0
U03605,A,0
U03606,A,0
U03607,B,0
U03608,A,0
U03609,B,0
U03610,B,0
U03611,B,0
U03612,B,1
U03613,A,0
U03614,B,0
U03615,A,0
U03616,B,1
U03617,B,0
U03618,A,0
U03619,A,0
U03620,A,0
U03621,A,0
U03622,B,0
U03623,B,0
U03624,B,0
U03625,B,0
U03626,A,0
U03627,A,0
U03628,A,0
U03629,A,0
U03630,A,0
U03631,B,1
U03632,A,0
U03633,A,0
U03634,A,0
U03635,A,0
U03636,A,0
U03637,A,0
U03638,B,0
U03639,B,0
U03640,B,0
U03641,B,0
U03642,B,0
U03643,A,0
U03644,A,1
U03645,A,0
U03646,B,0
U03647,A,0
U03648,A,0
U03649,B,0
U03650,A,0
U03651,A,1
U03652,B,1
U03653,B,0
U03654,A,0
U03655,B,0
U03656,A,0
U03657,B,0
U03658,A,0
U03659,B,0
U03660,A,0
U03661,A,0
U03662,A,0
U03663,B,0
U03664,B,0
U03665,A,0
U03666,A,0
U03667,A,0
U03668,A,0
U03669,A,0
U03670,A,0
U03671,B,1
U03672,A,0
U03673,B,0
U03674,B,0
U03675,A,0
U03676,B,0
U03677,B,0
U03678,B,1
U03679,A,0
U03680,A,0
U03681,B,0
U03682,B,0
U03683,B,0
U03684,A,0
U03685,A,0
U03686,A,0
U03687,B,0
U03688,A,0
U03689,B,0
U03690,B,0
U03691,B,0
U03692,A,0
U03693,A,0
U03694,B,0
U03695,B,0
U03696,B,0
U03697,A,0
U03698,A,0
U03699,A,0
U03700,B,0
U03701,A,0
U03702,B,1
U03703,B,1
U03704,A,0
U03705,B,0
U03706,B,0
U03707,B,1
U03708,A,0
U03709,A,0
U03710,B,0
U03711,B,0
U03712,B,0
U03713,B,0
U03714,B,0
U03715,B,0
U03716,A,0
U03717,A,0
U03718,B,0
U03719,A,0
U03720,B,0
U03721,A,0
U03722,A,0
U03723,B,0
U03724,B,0
U03725,B,0
U03726,B,1
U03727,A,0
U03728,B,1
U03729,B,0
U03730,B,1
U03731,A,0
U03732,A,1
U03733,B,0
U03734,B,0
U03735,B,0
U03736,A,0
U03737,B,0
U03738,B,0
U03739,A,0
U03740,B,1
U03741,B,0
U03742,B,1
U03743,B,1
U03744,B,0
U03745,B,0
U03746,B,0
U03747,B,0
U03748,B,0
U03749,A,0
U03750,B,0
U03751,A,0
U03752,B,1
U03753,B,1
U03754,A,0
U03755,B,0
U03756,A,0
U03757,A,0
U03758,B,0
U03759,A,0
U03760,A,0
U03761,B,0
U03762,A,1
U03763,B,0
U03764,B,0
U03765,B,0
U03766,B,0
U03767,A,0
U03768,A,0
U03769,B,0
U03770,A,0
U03771,A,0
U03772,B,1
U03773,A,0
U03774,A,0
U03775,A,0
U03776,B,0
U03777,A,0
U03778,A,1
U03779,A,0
U03780,B,0
U03781,B,0
U03782,B,1
U03783,B,0
U03784,B,0
U03785,B,0
U03786,A,0
U03787,A,0
U03788,B,0
U03789,B,0
U03790,B,0
U03791,A,0
U03792,B,1
U03793,B,0
U03794,B,0
U03795,A,0
U03796,A,1
U03797,B,0
U03798,B,0
U03799,B,0
U03800,A,0
U03801,A,0
U03802,B,0
U03803,B,0
U03804,B,0
U03805,A,0
U03806,A,0
U03807,A,0
U03808,A,1
U03809,A,0
U03810,A,0
U03811,A,0
U03812,A,1
U03813,A,0
U03814,A,0
U03815,A,0
U03816,B,0
U03817,B,1
U03818,A,1
U03819,B,0
U03820,B,0
U03821,A,0
U03822,B,0
U03823,B,0
U03824,A,0
U03825,A,0
U03826,B,0
U03827,A,0
U03828,B,0
U03829,B,0
U03830,A,0
U03831,A,0
U03832,A,0
U03833,B,0
U03834,B,0
U03835,A,0
U03836,A,0
U03837,A,0
U03838,B,0
U03839,A,0
U03840,A,0
U03841,B,1
U03842,B,1
U03843,B,0
U03844,B,0
U03845,B,1
U03846,B,0
U03847,B,0
U03848,A,1
U03849,B,1
U03850,B,0
U03851,A,0
U03852,B,0
U03853,B,0
U03854,A,0
U03855,B,0
U03856,A,1
U03857,A,0
U03858,A,0
U03859,A,0
U03860,A,0
U03861,B,0
U03862,A,0
U03863,A,1
U03864,A,1
U03865,B,0
U03866,A,0
U03867,A,1
U03868,A,0
U03869,B,0
U03870,A,1
U03871,B,0
U03872,B,0
U03873,A,0
U03874,A,0
U03875,A,0
U03876,A,0
U03877,A,0
U03878,B,0
U03879,A,0
U03880,B,0
U03881,B,0
U03882,A,0
U03883,A,0
U03884,B,0
U03885,B,0
U03886,B,0
U03887,A,1
U03888,A,0
U03889,A,1
U03890,A,0
U03891,A,0
U03892,A,0
U03893,A,0
U03894,B,0
U03895,B,0
U03896,B,0
U03897,A,0
U03898,B,0
U03899,A,0
U03900,A,1
U03901,A,0
U03902,B,0
U03903,B,0
U03904,A,1
U03905,A,0
U03906,A,0
U03907,B,0
U03908,B,1
U03909,B,0
U03910,B,0
U03911,A,0
U03912,B,0
U03913,B,0
U03914,B,0
U03915,B,0
U03916,B,0
U03917,A,0
U03918,A,0
U03919,B,1
U03920,B,0
U03921,B,0
U03922,A,0
U03923,B,1
U03924,B,0
U03925,B,0
U03926,B,0
U03927,A,0
U03928,B,0
U03929,B,1
U03930,B,0
U03931,A,0
U03932,A,0
U03933,A,0
U03934,B,0
U03935,A,0
U03936,A,0
U03937,A,0
U03938,B,0
U03939,A,0
U03940,A,0
U03941,A,0
U03942,A,1
U03943,B,0
U03944,A,0
U03945,B,0
U03946,A,1
U03947,B,1
U03948,B,1
U03949,B,0
U03950,A,0
U03951,B,0
U03952,A,0
U03953,A,0
U03954,B,1
U03955,A,0
U03956,A,0
U03957,B,0
U03958,B,0
U03959,B,0
U03960,B,0
U03961,A,0
U03962,B,0
U03963,B,0
U03964,B,0
U03965,A,1
U03966,A,0
U03967,A,1
U03968,B,0
U03969,B,0
U03970,A,0
U03971,B,0
U03972,A,0
U03973,A,1
U03974,A,0
U03975,A,0
U03976,A,0
U03977,A,0
U03978,B,0
U03979,A,0
U03980,B,0
U03981,B,0
U03982,A,0
U03983,A,0
U03984,B,0
U03985,A,0
U03986,A,0
U03987,A,0
U03988,B,0
U03989,A,0
U03990,B,0
U03991,A,0
U03992,B,1
U03993,B,0
U03994,A,0
U03995,B,0
U03996,A,0
U03997,B,0
U03998,A,0
U03999,B,0
